label	title	content
1	TY KU	 TY KU /taɪkuː/ is an American alcoholic beverage company that specializes in sake and other spirits. The privately-held company was founded in 2004 and is headquartered in New York City New York. While based in New York TY KU's beverages are made in Japan through a joint venture with two sake breweries. Since 2011 TY KU's growth has extended its products into all 50 states.
1	Odd Lot Entertainment	 OddLot Entertainment founded in 2001 by longtime producers Gigi Pritzker and Deborah Del Prete (The Wedding Planner) is a film production and financing company based in Culver City California.OddLot produced the film version of Orson Scott Card's sci-fi novel Ender's Game. A film version of this novel had been in the works in one form or another for more than a decade by the time of its release.
1	Henkel	 Henkel AG & Company KGaA operates worldwide with leading brands and technologies in three business areas: Laundry & Home Care Beauty Care and Adhesive Technologies. Henkel is the name behind some of America’s favorite brands.
1	GOAT Store	 The GOAT Store (Games Of All Type Store) LLC is one of the largest retro gaming online stores and an Independent Video Game Publishing Label. Additionally they are one of the primary sponsors for Midwest Gaming Classic.
1	RagWing Aircraft Designs	 RagWing Aircraft Designs (also called the RagWing Aeroplane Company and RagWing Aviation) was an American aircraft design and manufacturing company based in Belton South Carolina.
1	Pošte Srpske	 Pošte Srpske is one of three companies responsible for postal service in Bosnia and Herzegovina. The other two are BH Pošta and Hrvatska Pošta Mostar.
1	Open Kernel Labs	 Open Kernel Labs (OK Labs) is a privately owned company that develops microkernel-based hypervisors and operating systems for embedded systems. The company was founded in 2006 by Steve Subar and Gernot Heiser as a spinout from NICTA. It is headquartered in Chicago while research and development is located in Sydney Australia. The company was acquired by General Dynamics in September 2012.
1	Skye Bank	 Skye Bank Plc. commonly known as Skye Bank is a commercial bank based in Nigeria. It is one of the twenty-six (26) commercial banks licensed by the Central Bank of Nigeria the country's banking regulator.
1	CNet Technology	 CNet Technology is a Taiwanese company that manufactures network equipment such as network cards switches and modems.
1	188BET	 188BET is an online sportsbook provider. 188BET is owned by Cube Limited which is licensed and regulated by the Isle of Man.
1	MEPC plc	 MEPC plc is a leading British-based property investment and development business. It is headquartered in London. It used to be listed on the London Stock Exchange and was once a constituent of the FTSE 100 Index. It is however now owned by the British Telecom Pension Fund and the Royal Mail Pension Fund.
1	Walter Aircraft Engines	 Walter Aircraft Engines was a company that manufactured aircraft engines particularly the M601 turboprop. Based in Prague Czech Republic the company has been a subsidiary of GE Aviation since July 2008.
1	Export-Import Bank of Romania	 Exim Bank is The Export-Import Bank of Romania based in Bucharest.
1	Shell Oil Company	 Shell Oil Company is the United States-based subsidiary of Royal Dutch Shell a multinational oil company (oil major) of Anglo–Dutch origins which is amongst the largest oil companies in the world. Approximately 22000 Shell employees are based in the U.S. The U.S. head office is in Houston Texas.
1	Anabolic Video	 Anabolic Video is an American pornographic movie studio headquartered in Chatsworth California. The studio was a pioneer of gonzo pornography and is considered one of the most successful gonzo producers.
1	Thon Hotels	 Thon Hotels (formerly known as Rainbow Hotels) is owned by Olav Thon and was established in 1989. The Norwegian Olav Thon bought his first hotel in 1974 Hotel Bristol in Oslo.
1	Cook Group	 Cook Group Incorporated is an American privately held company based in Bloomington Indiana and primarily involved in manufacturing of medical devices. It was ranked #324 in Forbes' 2008 America's Largest Private Companies. It has three main divisions: Cook Medical Allied Manufacturing and Affiliates. All three divisions are made up of several subsidiary companies.The flagship company Cook Incorporated part of the Medical division was founded in 1963 in a spare bedroom in Bloomington.
1	Slumberland Furniture	 Slumberland Furniture Inc. is a furniture retailer in the Midwestern United States founded in 1967. Originally the company specialized in mattresses and La-Z-Boy recliners. Today Slumberland has 127 stores in 12 states. It is one of America's top sellers of La-Z-Boy upholstery and the top seller of Sealy and Simmons in the Midwest.[citation needed] The headquarters are located in Little Canada Minnesota.
1	Outboard Marine Corporation	 Outboard Marine Corporation (OMC) was a maker of Evinrude and Johnson boat motors and many different brands of boats. Evinrude began in Milwaukee Wisconsin in 1907. OMC was based in Waukegan Illinois. They also owned several lines of boats such as Chris Craft Lowe Boats Princecraft Four Winns SeaSwirl Stratos and Javelin. OMC was also a parent company to Ryan which made lawn mowers.OMC sold 100000 motors in 2000 and had one third of the outboard market.
1	Moon River Brewing Company	 The Moon River Brewing Company is a brew pub - restaurant bar and brewing facility.
1	Murfin Music International	 Murfin Music International and Murfin Media are companies run by Muff Murfin and are based at The Old Smithy Studios in Kempsey Worcestershire England.Murfin owns several radio stations in the UK and also hires time at its studios to produce jingles for radio. Murfin with his then music partner Colin Owen were billed as the M and O Band and reached #16 in the UK Singles Chart in March 1976 with Let's Do the Latin Hustle.
1	Avista	 Avista Utilities is a U.S. energy company. Avista generates and transmits electricity and distributes natural gas while providing energy solutions for residential commercial and industrial customers. Approximately 1550[citation needed] employees provides electricity natural gas and other energy services to 359000 electric and 320000 natural gas customers[citation needed] in three western states.
1	Korchma Taras Bulba	 Korchma Taras Bulba – the chain of restaurants which was developed by Juriy Beloivan in 1999.
1	Arçelik	 Arçelik A.Ş. is a household appliances manufacturer in Turkey. The Company engages in the production and marketing of durable goods components consumer electronics and after-sale services. Its products include white goods electronic products small home appliances and kitchen accessories such as refrigerators freezers washing machines dishwashers aspirators vacuum cleaners coffee makers and blenders.Arçelik A.Ş.
1	Ace of Clubs Records	 Ace of Clubs was owned by Decca Records in the UK and was used to reissue classical music in LP form from their back catalogue at a reduced price. Decca also owned Ace of Hearts Records which did exactly the same job but with US material.
1	Aerostar	 Aerostar S.A. is an aeronautical manufacturing company based in Bacău Romania.
1	Shandong Gaosu Group	 Shandong Gaosu Group or Shandong Hi-Speed Group Corporation (Chinese: 山东高速集团有限公司) (SDHS) is a state-owned enterprise in Jinan China engaging in the construction and management of transportation infrastructure throughout the People's Republic of China. SDHS is owned by the Shandong Provincial People's Government and plays a major role developing and managing highways airports and seaports throughout the province.
1	Aras Corp	 Aras Corporation is an American developer and publisher of product development software Aras Innovator. The Aras Innovator software is used for product lifecycle management (PLM) advanced product quality planning (APQP) lean product development product quality control collaborative product development and new product introduction (NPI). Aras Corp was founded in 2000 in Andover Massachusetts.
1	Lam Research	 Lam Research Corporation is an American corporation that engages in the design manufacture marketing and service of semiconductor processing equipment used in the fabrication of integrated circuits.
1	Mataano	 Mataano is a women's fashion line. Founded in 2008 it is owned by Somali-American twin fashion designers Ayaan and Idyl Mohallim. The brand is noted for its global sensibility and accent on ready-to-wear elegance.
1	Delek	 Delek Group is of one Israel's largest companies owned by Yitzhak Tshuva (Isaac Sharon) a self-made multi-millionaire. Delek Group is involved in the energy and infrastructure with investments in upstream and downstream energy water desalination and power plants. Delek Group' subsidiaries are also involved in insurance and financial services.
1	Elcoteq	 Elcoteq SE was a Finnish consumer electronics contract manufacturer EMS and ODM company headquartered in Luxembourg. The company filed for bankruptcy protection in Luxembourg on October 6 2011.It is a manufacturer of the BlackBerry and also performed repair and refurbishment services.
1	CSL Behring	 CSL Behring is one of the world's leading plasma protein biotherapeutics companies. Committed to saving lives and improving the quality of life for people with rare and serious diseases the company manufactures a range of plasma-derived and recombinant therapies worldwide.
1	Pontificia Fonderia Marinelli	 The Pontificia Fonderia Marinelli (or Marinelli Pontifical Foundry Marinelli Bell Foundry) is the successor of a bell foundry already at work in Agnone Italy in 1040. The bell foundry is considered Italy's oldest family business and among the three oldest family businesses worldwide. In addition to a bell foundry it is an artisan foundry that produces bronze portals bas-reliefs church artifacts and bell restorations.
1	Black Bear Diner	 Black Bear Diner is a restaurant chain in the western United States which serves homestyle and old-fashioned comfort foods. The first restaurant was opened in Mount Shasta California in 1994 founded by Bob and Laurie Manley with help from Bruce Dean. The company is based in Redding California. It now claims 62 locations in eight states.Black Bear decor has a rustic motif with over-the-top bear paraphernalia. Every restaurant is decorated with a 12-foot-tall (3.7 m) black bear carving.
1	Outright	 Outright is a US accounting and bookkeeping application that assists small businesses and sole proprietors with managing their business income and expenses. It also provides them with a means to organize and categorize expenses for filing a Schedule C.
1	Spin Records (American label)	 For the Australian record label of the same name see Spin Records (Australian label).Spin Records was a record label jointly owned by songwriter Otis René and rhythm and blues performer and music arranger Preston Love.
1	Crossbeam Systems	 Crossbeam Systems is headquartered in Boxborough Massachusetts and has offices in Europe Latin America and Asia Pacific. Crossbeam Systems was acquired by Blue Coat Systems in December 2012 and the Crossbeam brand has been fully absorbed into Blue Coat.
1	Payden & Rygel	 Payden & Rygel is a privately owned investment management firm based in Los Angeles with $85 billion AUM founded in 1983 by Joan Payden. The firm offers a range of mutual funds with debt and public equity based strategies. The firm's economists and portfolio managers have also been quoted by financial news organizations such as the Financial Times The Wall Street Journal and Bloomberg Businessweek.
1	Sarpsborg Papp	 Sarpsborg Papp AS was a Norwegian industrial company which ran a packaging plant in Sarpsborg Norway.Founded in 1914 as Sarpsborg Emballagefabrik it was the first corrugated paper factory in Norway. In 1961 the company was acquired by M. Peterson & Søn. It was M.
1	Carnival Films	 Carnival Films is an award winning British television production company based in London UK. It has produced television series for all the major UK networks including the BBC ITV Channel 4 and Sky as well as a number of international broadcasters including PBS A&E HBO and NBC. Its productions vary from single dramas and long-running television drama to feature film and stage productions.
1	FTL Games	 FTL Games (Faster Than Light) was the video game development division of Software Heaven Inc. FTL created several popular video games in the 1980s and early 1990s. Despite the company's small size FTL products were consistently number-one sellers and received the highest critical acclaim and industry awards.FTL was founded by Wayne Holder in 1982. Holder started Software Heaven and FTL as its game division after founding Oasis Systems which specialized in spell checking software.
1	Aller Media	 Aller Media is a magazine publisher in the Nordic countries headquartered in Copenhagen Denmark. It publishes Elle Cafe Femina Allers and Se & Hør.
1	SOCIS	 SOCIS (Ukrainian: TOB „СОЦІС - Центр соціальних та політичних досліджень) is a political sociology company in Ukraine. It was one of the companies that performed rolling and exit polls for Ukrainian elections in 1998 2002 2004 and Ukrainian referendum in 2000. The company has been a member of The Gallup Organization since 1994.
1	Arlen Realty and Development Corporation	 Arlen Realty & Development Corporation also known as Arlen was an American REIT founded in 1959 by Arthur G. Cohen Arthur N. Levien and Marshall Rose. It is notable as one of the largest publicly traded REIT's in the 1970s. Arlen began by developing suburban shopping centers throughout the country and in 1971 purchased national discount retail chain E.J. Korvette.
1	Mydin	 Mydin is a Malaysian chain of hypermarket supermarket & emporiums. It is notable for bringing local & overseas products at affordable prices catering to a large segment of Malaysian population.[citation needed]
1	K.A. Rasmussen	 K. A. Rasmussen AS (abbreviated KAR) is a Norwegian precious metal company specialized in the fabrication of semi-manufactured bars and wires for various metal industries as well as catalysts for chemical industries.
1	Linxair	 Linxair was a business airline based in Slovenia. It was established and started operations in 1999 at its base Ljubljana Jože Pučnik Airport (LJU). Was the fastest growing aviation company in Slovenian history and biggest business aviation operator in the area of former Yugoslavia. But due to financial difficulties started in 2009 company ceased commercial operations in 2012. Small part of fleet continued operation under another operator SiAvia.
1	Teichiku Records	 Teichiku Records is a Japanese record label run by the Teichiku Entertainment company that specialises in enka kayōkyoku and similar music. Teichiku is an abbreviation for Teikoku Chikuonki (帝国蓄音機 imperial records) the former name of the company. Teichiku Entertainment also runs the record labels Imperial Records Takumi Note and Union Records (ユニオンレコード yunion rekōdo).It is a division of JVC Kenwood Holdings Victor Entertainment's parent.
1	Explosia a.s.	 Explosia a.s. is an explosives manufacturer in Semtín a suburb of Pardubice in the Czech Republic. The company was established in 1920. Its most famous product is the Semtex malleable explosive the name is formed as a combination of the first letters of the Semtín village and the company name.
1	DEME	 Dredging Environmental and Marine Engineering NV (in short DEME) is an international group of specialised companies in the field of capital and maintenance dredging land reclamation port infrastructure development offshore related services for the oil & gas industry farshore windfarm installation environmental remediation a.o. The groupis based in Zwijndrecht Belgium and has current operations on the five continents. The roots of the group date back to the mid 19th century.
1	Government of the Democratic Republic of the Congo	 The Government of the Democratic Republic of the Congo is the second institution in the central executive branch of the Democratic Republic of the Congo the first institution being the President of the Democratic Republic of the Congo who has the title of head of state.
1	Unibuss	 Unibuss formerly known as Nexus Trafikk and Sporveisbussene AS is a Norwegian bus company group that operates from Oslo Norway. It is a subsidiary of the municipal transportation group Sporveien and was created in 2003 so the company could compete for the public service obligation (PSO) contracts that Oslo was to operate the bus system through. Unibuss has about 1600 employees 650 buses and a revenue of NOK 1278 million in 2010.
1	LOT Polish Airlines	 Polskie Linie Lotnicze LOT S.A. (Polish pronunciation: [ˈlɔt] Flight) trading as LOT Polish Airlines is the flag carrier of Poland. Based in Warsaw LOT was established in 1929 making it one of the world's oldest airlines still in operation. Using a fleet of 55 aircraft LOT operates a complex network to 60 destinations in Europe the Middle East North America and Asia.
1	Pressed Steel Company	 Pressed Steel Company Limited was a British car body manufacturing business founded at Cowley near Oxford in 1926 as a joint venture between William Morris Budd Corporation of Philadelphia USA which held the controlling interest and a British / American bank J. Henry Schroder & Co[citation needed] At that time the company was named The Pressed Steel Company of Great Britain Limited. It acquired Budd's patent rights and processes for use in the United Kingdom.
1	Cerruti	 Cerruti is a fashion house founded in 1967 in Paris by the Italian stylist and fashion designer Nino Cerruti.The Cerruti house designs manufactures distributes and retails luxury ready-to-wear jeans fragrances sportswear leather goods watches and accessories.
1	Leopold Bros.	 Leopold Bros. is a family-owned and operated distillery located in Denver Colorado.
1	Suprema Inc.	 Suprema is a biometrics research development and manufacturing company. It provides fingerprint IP readers for physical access control systems USB readers for PC authentication and core fingerprint modules for embedded applications.
1	Uzi Suicide	 UZI Suicide was a vanity label that was created by Guns N' Roses to release their first record Live ?!*@ Like a Suicide. While seemingly an independent label it was actually created by Geffen Records. Guns N' Roses' debut album Appetite for Destruction was officially released through Geffen.
1	Kosmos Energy	 Kosmos Energy is an American international oil company founded and based in Dallas Texas. It also maintains offices in the Bermudas Morocco Suriname and Ghana. It has been involved in the discovery and development of the Jubilee oil field off the coast of Ghana.Kosmos was a focus of the BBC documentary Storyville: Power Money Greed and Oil.
1	Campus Management Corp.	 Campus Management Corp. is a private company that provides software and services to colleges universities foundations and other companies.
1	Cervélo	 Cervélo Cycles is a Canadian manufacturer of racing bicycle frames. Cervélo uses CAD computational fluid dynamics and wind tunnel testing at a variety of facilities including the San Diego Air and Space Technology Center in California USA to aid its designs. Frame materials include carbon fibre.
1	Manchester University Press	 Manchester University Press is the university press of the University of Manchester England and a publisher of academic books and journals. Manchester University Press has developed into an international publisher. It maintains its links with the University and is the third largest university press in the United Kingdom after Oxford University Press and Cambridge University Press.
1	Omniture	 In 2009 Adobe Systems acquired Omniture an online marketing and web analytics business unit in Orem Utah. Until 2011 Omniture operated as a business unit within Adobe as the Omniture Business Unit but as of 2012 Adobe began retiring the Omniture name as former Omniture products were integrated into the Adobe Marketing Cloud.
1	BancorpSouth	 BancorpSouth Inc. is a bank holding company headquartered in Tupelo Mississippi. As of March 2012 it had nearly $13.3 billion in assets. The company has over 4400 employees.
1	Aeneas Internet and Telephone	 Aeneas Communications LLC operating as Aeneas Internet and Telephone is a telecommunications provider headquartered in Jackson Tennessee. Aeneas Communications offers Internet access local and long distance service in Tennessee Voice over IP colocation business telephone systems commercial e-mail WAN (Wide area network) commercial web hosting Internet backbone connectivity for businesses and disaster preparedness options.It serves all of the state of Tennessee.
1	ECi Software Solutions	 ECi Software Solutions is a business management and e-commerce software publisher primarily serving small and medium sized businesses in the office products and furniture construction supplies hardware sanitation manufacturing and distribution industries. ECi is a subsidiary of eCommerce Industries Inc.ECi was founded in 1999 and is based in Fort Worth Texas.ECi holds a ‘Connect Conference’ a national meeting for its software users and strategic partners.
1	Ocean Shores Video	 Ocean Shores Video (Hong Kong) Co Ltd (Chinese: 海岸贡献錄影 (香港) 有限公司 or Chinese: 海岸贡献) is the home video division of Win's Entertainment (Hong Kong) Co Ltd. The company is owned by Television Broadcasts Limited the entertainment division of Panasonic Pioneer and Philips was a Hong Kong based distributor of martial arts films in the 1980s.Ocean Shores was a video company that ran major distribution rights to many of the biggest indie and later Shaw Brothers and Golden Harvest movies.
1	Desire Petroleum	 Desire Petroleum plc (LSE:DES) is an oil and gas exploration company headquartered in Malvern United Kingdom. It owns offshore exploration and production licences in the North Falkland Basin in the waters north of the Falkland Islands and its core focus is to develop the basin into a major new hydrocarbon province.Desire Petroleum is listed on the Alternative Investment Market of the London Stock Exchange.
1	Zagtoon	 Zagtoon is a production company specialized in animated series for kids founded in 2009 by Jeremy Zag and Jacqueline Tordjman co-founder of Saban Entertainment which has launched series such as Power Rangers and scored the soundtracks for series such as Inspector Gadget. Zagtoon develops properties worldwide through Europe the United-States and Asia.
1	Nationale Regionale Transport	 Nationale Regionale Transport is a domestic airline based in Libreville Gabon. Its main base is Libreville International Airport.The airline is on the list of air carriers banned in the European Union.
1	R. Hoe & Company	 R. Hoe & Company was a New York City based printing press manufacturer established by Peter Smith Matthew Smith (?–1822) and their brother-in-law English emigrant Robert Hoe (1784–1833) in 1805 as Smith Hoe & Company.
1	Mercury Records	 Mercury Records is an American-based record label owned by Universal Music Group. In the United States it operates through Island Records; in the UK it is distributed by Virgin EMI Records.
1	SsangYong Motor Company	 SsangYong Motor Company or SsangYong Motor (Korean: 쌍용자동차 IPA: [s͈aŋjoŋ dʑadoŋtɕʰa]) is the fourth largest South Korea-based automobile manufacturer. The name SsangYong means double dragons.A 70% share of SsangYong was acquired by Indian Mahindra & Mahindra Limited in February 2011 after being named the preferred bidder in 2010 to acquire the bankruptcy-protected company. Mahindra's acquisition was approved by South Korea's Free Trade Commission.
1	Jugos del Valle	 Jugos del Valle (Del Valle Juices) is one of the biggest producers of fruit juices and beverages in Mexico. It has been active since 1947. Today Jugos del Valle is one of the leading food juice and beverage companies in Mexico. Del Valle owns popular brands like Val-Vita Barrilitos and Florida 7. Operations range from the USA to Brazil Venezuela and Puerto Rico keeping up with leadership in innovation productivity and service.
1	Applied Science International	 Applied Science International LLC aka ASI is a United States based company headquartered in Raleigh North Carolina that provides advanced engineering design and analysis software and services to the DHS United States Department of Defense Engineering Firms Demolition Contractors and Universities.
1	Baupost Group	 The Baupost Group LLC is a hedge fund founded in 1982 by Seth Klarman who continues to run the fund. Baupost Group's investment philosophy emphasizes risk management. The firm one of the largest hedge funds in the world is a value investing manager. According to Bloomberg L.P. Baupost is ranked 4th in net gains since inception.
1	Sheetz	 Sheetz Inc. is a chain of gas stations/convenience stores owned by the Sheetz family. Its headquarters are in Altoona Pennsylvania. Stores are located in Maryland North Carolina Ohio Pennsylvania Virginia and West Virginia.Sheetz has long employed the Z that the name ends with in various marketing efforts. These include the Sheetz loadable gift card the Z card; the Sheetz breakfast sandwich known and marketed as Shmuffinz; and their Nachoz.
1	Probitas Partners	 Probitas Partners is a global investment bank focused on raising capital as a placement agent for private equity fund sponsors as well as providing portfolio management and liquidity solutions through the private equity secondary market for investors in private equity. The firm operates through three primary businesses: fund placement portfolio management and secondary advisory.
1	Les Disques du Crépuscule	 Les Disques Du Crépuscule is a Belgian independent record label. The label was founded in 1980 by Michel Duval and Annik Honoré. It is now run by former employee James Nice.Crépuscule translates as twilight with most of the label's catalogue numbers being prefixed by the letters TWI.
1	TARBS World TV	 Television And Radio Broadcasting System more commonly known as TARBS World TV was an Australian Subscription Television Service broadcasting predominantly ethnic (and mainly non-English) stations into Australia. TARBS commenced operations in 1995 and had around 57000 subscribers until July 2004 when the company went into receivership.
1	Patriot Rail Corporation	 Patriot Rail Corporation is a holding company for a number of shortline railroads across the United States including one contract operation in North Carolina. The company was started in 2006 by RailAmerica co-founders Gary Marino and John Marino and is headquartered at Boca Raton Florida. In January 2011 Patriot Rail purchased the railroads of the Weyerhaeuser Company which effectively doubled the number of Patriot Rail holdings.
1	Orenstein & Koppel	 Orenstein & Koppel (normally abbreviated to O&K) was a major German engineering company specialising in railway vehicles escalators and heavy equipment. It was founded on April 1 1876 in Berlin by Benno Orenstein and Arthur Koppel.Originally a general engineering company O&K soon started to specialise in the manufacture of railway vehicles. The company also manufactured heavy equipment and escalators. O&K pulled out of the railway business in 1981.
1	Maire Tecnimont	 Maire Tecnimont SpA is the parent company of the Italian group Maire Tecnimont which consists of at least 50 operating companies in the engineering and main contracting sector. It deals in oil and gas chemicals and petrochemicals energy infrastructure and civil engineering. It is also active in the renewable energy sector in the provision of project management engineering procurement and construction.
1	Priestman Brothers	 Priestman Brothers was an engineering company based in Kingston upon Hull UK that manufactured diggers dredgers cranes and other industrial machinery. In the later 1900s the company also produced the Priestman Oil Engine an early design of oil fuelled internal combustion engine.
1	Hickory Tech	 HickoryTech Corporation (NASDAQ: HTCO) is an integrated communication service provider. The company operates its business under the name of HickoryTech and Enventis through three segments including Fiber and Data Equipment and Telecom. The company was founded in 1898 and is headquartered in Mankato Minnesota. It is a supplier of Smartnet maintenance contracts with its partner Cisco systems. The company’s telecom segment serves about 13 Minnesota communities and 13 lowa communities.
1	Amsoft	 Amsoft was a wholly owned subsidiary of Amstrad PLC founded in 1984 and re-integrated with its parent company in 1989. Its purpose was to provide an initial infrastructure of software and services for users of Amstrad's range of home computers the Amstrad CPC and from 1986 the Sinclair ZX Spectrum. Many people's first contact with software on an Amstrad home computer would have been an Amsoft title as several titles were included in the sales bundles.
1	Domo (company)	 Domo is an American computer software corporation headquartered in American Fork Utah United States. The area is referred to as Silicon Slopes.
1	Ranik Ultimate Fighting Federation	 Ranik Ultimate Fighting Federation (RUFF) is the first Chinese mixed martial arts (MMA) organization sanctioned by the General Administration of Sport of China. The winners of the title fights will be crowned as the national MMA champions of China in their respective weight classes. RUFF held its first event in August 2011 in Shanghai before presenting in Chongqing Hohhot Nanjing and Sanya.
1	Mexican Council on Foreign Relations	 The Mexican Council on Foreign Relation 'COMEXI (in Spanish Consejo Mexicano de Asuntos Internacionales) was established the 22 November 2001. So far it is the only plural and multidisciplinary forum focused in the debate and analysis of Mexico’s role in the world and the growing influence of international events on the national agenda. The Council is a civic association nonprofit and independent of government. It is financed entirely by its member's contributions
1	Varèse Sarabande	 Varèse Sarabande is an American record label distributed by Universal Music Group which specializes in film scores and original cast recordings. It aims to reissue rare or unavailable albums as well as newer releases by artists no longer under a contract. The label's name was derived from combining French-born composer Edgard Varèse's last name with the musical term sarabande a slow Spanish dance.
1	D3 LED	 D3 LED LLC (D3) is a company that manufactures turnkey LED (light emitting diode) displays and digital media solutions for advertisers architects retailers sports and entertainment venues and transportation authorities.
1	Exco International	 Exco International was a leading British money brokering company. It was listed on the London Stock Exchange and was once a constituent of the FTSE 100 Index but was acquired by British & Commonwealth Holdings in 1986.
1	Investment AB Öresund	 Investment AB Öresund is a Swedish investment company controlled by Mats Qviberg and Sven Hagströmer.
1	Hitachi Power Systems Canada	 Mitsubishi Hitachi Power Systems Canada Ltd. (MHPSC) located in Saskatoon Saskatchewan Canada was established in 1988 and is part of the Mitsubishi Hitachi Power Systems Group. In 2012 the company merged its Canadian operations in Calgary Mississauga and Saskatoon into one company with its headquarters based in Saskatoon.
1	Société Nationale d'Investissement	 Société Nationale d'Investissement (SNI) or National Investment Company is a large private Moroccan holding company controlled by the Moroccan royal family. The holding company used to be the majority shareholder of the now defunct ONA Group until the activities of the latter were absorbed into the SNI and subsequently disposed of.In 2012 the company's consolidated turnover was 53 billion MAD and its net income was 5 billion MAD
1	Maine Chance Farm	 Maine Chance Farm was an American Thoroughbred horse racing stable in Lexington Kentucky owned by cosmetics tycoon Elizabeth Arden. Elizabeth Arden raced under the nom de course Mr. Nightingale until 1943 when she adopted the name Maine Chance Farm from her health spa in Mount Vernon Maine. During the nineteen forties and fifties the Maine Chance Farm racing stable was a major force in American horse racing.
1	Convair	 Convair was an American aircraft manufacturing company which later expanded into rockets and spacecraft. The company was formed in 1943 by the merger of Consolidated Aircraft and Vultee Aircraft and went on to produce a number of pioneering aircraft such as the Convair B-36 bomber the F-102 Delta Dagger and the F-106 Delta Dart. It also manufactured the first Atlas rockets including the rockets that were used for the pioneering manned orbital flights of Project Mercury.
1	D&G Bus	 D&G Bus is a bus operator based in Crewe in Cheshire.
1	Dolmar	 Dolmar GmbH is one of the oldest manufacturers of portable gasoline chainsaws and is headquartered in Hamburg Germany. The company founder Emil Lerp developed in 1927 the type A saw which weighed 125 lb and required two men to operate. It was tested on Mount Dolmar in the Thüringer forest and the company took its name from the test site. In 1991 the company was acquired by Japanese tool manufacturer Makita.
1	Velocite Bikes	 Velocite Bikes is a Taiwanese manufacturer of racing bicycle mountain bike frames bicycle wheels and other bicycle components. Notable collaboration partners include the National Cheng Kung University National Center for High-Performance Computing Oxeon and Acer Inc. Velocite specializes in carbon fiber composite products but also manufactures bicycle frames and components using aluminium alloys.
1	Yates (company)	 Yates is a gardening company in New Zealand and Australia.
1	Haudenosaunee Development Institute	 Haudenosaunee Development Institute is the formal organization created by the Haudenosaunee Confederacy Chiefs Council (HCCC) in September 2007 to grant permission to third parties to undertake development upon lands where the HCCC exercise jurisdiction including that area of land considered by the Haldimand Proclamation of 1784 and the Nanfan Treaty of 1701.Haudenosaunee is the proper word used for the Six Nations Native people which is more commonly known as Iroquois by non-Haudenosaunee people.Haundenosaunee Development Institute objectives are consistent with long standing Haudenosaunee principles regarding land use land tenure and environmental planning.Recent efforts to translate these principles have included the Haudenosaunee Confederacy Chiefs Council policy statement referred to as the Eight Points of Jurisdiction which was formally adopted by the HCCC on February 3 2001.
1	Carpenter Technology Corporation	 Carpenter Technology Corporation is an international developer manufacturer and distributor of cast wrought and powder metallurgy specialty alloys/metals including superalloys ultra-high strength steels and stainless steel as well as titanium alloys in a range of product forms. Headquartered in Reading Pennsylvania Carpenter Technology maintains manufacturing and distribution operations throughout the United States Mexico Europe and Asia.
1	BBVA Bancomer	 BBVA Bancomer is a Mexican financial institution and the largest in the country dominating about 20% of the market. Founded in 1932 as Banco de Comercio (Bancomer) since 2000 its main stockholder is the Spanish bank BBVA.
1	National Association for Interpretation	 The National Association for Interpretation is a non-profit professional association of natural and cultural resources interpreters primarily in the United States. It is based in Fort Collins Colorado. NAI provides training and certification programs. The NAI publishes the Journal of Interpretation Research a peer-reviewed academic journal.
1	Grant Ritchie and Company	 Grant Ritchie and Company was a Scottish engineering firm based in Kilmarnock Scotland. The company's products included steam engines and steam locomotives.
1	Gourmet Foods	 Gourmet Foods is a bakery and confectionery chain based in Lahore Pakistan. It has seven processing units and over 100 stores in Lahore. The company was founded by Muhammad Nawaz Chatha in 1987.
1	Guess (clothing)	 Guess (styled as GUESS or Guess?) is an American upscale clothing line brand. Guess also markets other fashion accessories besides clothes such as watches jewelry and perfumes. The company also owns the line Marciano.
1	Student Volunteer Campus Community	 Student Volunteer Campus Community (abbreviated SVCC and formerly SVCC Language Schools) is a non-profit organization run by volunteers located in Edmonton Alberta Canada and operates at the University of Alberta as a student volunteer group.
1	Gold Medal Books	 Gold Medal Books launched by Fawcett Publications in 1950 was a U.S. book publisher known for introducing paperback originals a publishing innovation at the time. Fawcett was also an independent newsstand distributor and in 1949 the company negotiated a contract with New American Library to distribute their Mentor and Signet titles.
1	AlMasria Universal Airlines	 AlMasria Universal Airlines (also known as AlMasria Airlines) is an Egyptian private airline based in Egypt.The airline operates scheduled services from Egypt to the Middle East.'AlMasria' is derived from the Arabic word for 'Egyptian'.
1	Tomato Head Records	 Tomato Head Records was an independent record label started by Chuck Phelps after his split with the ska punk band Skankin' Pickle and Dill Records. The label most notably released the debut EP of Tsunami Bomb The Invasion from Within! and the Luckie Strike EP Future is Turning. The label is now in indefinite hiatus.
1	Ocean Village (company)	 Ocean Village was a British-American owned cruise line based in Southampton Hampshire UK. Designed to offer an alternative cruise experience Ocean Village was founded by P&O Princess Cruises which later merged with Carnival Corporation to form Carnival Corporation & plc. Ocean Village operated from 2003 until 2010 when the brand was discontinued with the cruise ship Ocean Village transferring to P&O Cruises Australia. Ocean Village became part of P&O Cruises Australia.
1	Caja de Ahorros del Mediterráneo	 Caja de Ahorros del Mediterráneo (CAM; Mediterranean Savings Bank) was a Spanish savings bank in Alicante Valencia. The savings bank failed with the burst of the property bubble on Spain's Mediterranean coast. In the first nine months of 2011 it had lost €1.7bn and the bad loans ratio has reached 20.8 per cent. In December 2011 it was sold to Banco Sabadell for one euro.
1	Transurban	 Transurban manages and develops urban toll road networks in Australia and North America. It is a Top 50 company on the Australian Securities Exchange (ASX) and has been in business since 1996.In Australia Transurban has a stake in five of Sydney's nine motorways and in Melbourne it is the full owner of CityLink which connects three of the city's major freeways. In the USA Transurban has ownership interests in the 495 Express Lanes on a section of the Capital Beltway around Washington DC.
1	Air Siam	 Air Siam was an airline based in Thailand which operated from 1965 until 1976.
1	YugoRosGaz	 YugoRosGaz a.d. is a Gazprom subsidiary in Serbia. Yugorosgaz is owned by Gazprom (50%) Srbijagas (25%) and Central ME Energy & Gas AG (25%) a member of the Centrex Group. Srbijagas has an option to purchase up to 49% of the company.In 2008 investigations by MPs from the League of Social Democrats of Vojvodina (LSV) and the Liberal Democratic Party (LDP) revealed that the state-operated Srbijagas natural gas utility had made damaging contracts with Gazprom.
1	Nolo.com	 Nolo formerly known as Nolo Press is a publisher in Berkeley California that produces do-it-yourself legal books and software that reduce the need for people to hire lawyers for simple legal matters such as making wills or writing business partnership contracts.
1	Sam Ash	 Sam Ash Music Corp. was founded in 1924 and is the largest family owned chain of musical instrument stores in the United States. Sam Ash sells musical instruments recording equipment DJ and lighting equipment and professional sound equipment.The Company record shows annual revenue is $1b to $5b & estimated employee size 100 - 499.
1	Greycaps India	 Greycaps India Private Limited is an on-stage quizzing and knowledge service provider company based in Bangalore India. It was founded by Giri Balasubramanium in 1999 and is currently the second largest of its kind in the country. It has organized shows in Sri Lanka Oman Bangladesh Singapore Malaysia United Kingdom and the United States.
1	Government Aircraft Factories	 Government Aircraft Factories (GAF) was the name of an aircraft manufacturer owned by the Government of Australia based at Fishermans Bend a suburb of Melbourne in Victoria. It had its origins in the lead-up to World War II during which it was known as the Department of Aircraft Production (DAP). In 1987 GAF was reorganised and renamed as Aerospace Technologies of Australia (ASTA) then privatised. ASTA subsequently formed the nucleus of Boeing Australia.
1	Agami Systems	 Agámi Systems Inc. was a network storage company headquartered in Sunnyvale California.
1	American Society of Plant Taxonomists	 The American Society of Plant Taxonomists (ASPT) is a botanical organization formed in 1935 to foster encourage and promote education and research in the field of plant taxonomy to include those areas and fields of study that contribute to and bear upon taxonomy and herbaria according to its bylaws.[1] It is incorporated in the state of Wyoming and its office is at the University of Wyoming Department of Botany.The ASPT publishes a quarterly botanical journal Systematic Botany and the irregular series Systematic Botany Monographs.
1	Charter Arms	 Charter Arms Co. is an American manufacturer of revolvers. The original Charter Arms produced revolvers chambered in calibers .22 Long Rifle .22 Winchester Magnum .32 Long .32 H&R Magnum .327 Federal Magnum .357 Magnum .38 Special and .44 Special. The most famous revolvers manufactured by Charter Arms are the .44 Special Bulldog and .38 Special Bulldog Pug.
1	Central Union of Agricultural Cooperatives	 The Central Union of Agricultural Co-operatives (全国農業協同組合中央会 Zenkoku Nōgyō-kyōdō-kumiai Chuōkai) in short JA-Zenchu (JA全中) is an independent administrative Japanese body within the Japan Agriculture (JA) Group which determines policy and administrates the group. Its legal status was originally a Recognised Corporate Body under the control of the Ministry of Agriculture Forestry and Fisheries (MAFF) but since 2002 has become a Special Civilian Corporate Body.
1	United Site Services	 United Site Services is a rental and service company providing portable sanitation temporary fence and other services in the United States. It is headquartered in Westborough Massachusetts. The company’s customer base includes the construction industry private and commercial events businesses and local state and federal governments.
1	Horizon Services	 Horizon Services Inc. (HSI) is a nonprofit social service organization providing alcohol and drug treatment and recovery mental health recovery and substance abuse prevention services in Alameda San Mateo and Santa Clara counties in the San Francisco Bay Area of California. The executive director is Keith Lewis who has held the position since 1986. Their programs utilize the Alcoholics Anonymous and Narcotics Anonymous models along with other methods of treatment.
1	Isofoton	 ISOFOTON is a global company present in over 60 countries. ISOFOTON is involved in designing manufacturing and supplying Solar Energy products. Its activities are centered in three technology categories: Photovoltaic Thermal and High Concentration Photovoltaic.
1	Parikrama (company)	 Parikrama Inc. is an event management company based in New Delhi India. It was founded by Delhi based band Parikrama (band) and is headed by it.
1	China Dalian International Economic and Technical Cooperation Group	 China Dalian International Economic & Technical Cooperation Group (abbreviated as CDIG) is a Chinese enterprise involved in construction and engineering real estate development shipping import and export trading fishing aquaculture and aquatic products processing.The construction division is heavily focused on international markets earning $529.1 million in revenue in 2012 of which $469.8 million came from overseas projects. It operates in markets from Syria to Suriname.
1	Haima Automobile	 FAW Haima Automobile Co. Ltd. trading as Haima is an automotive manufacturing company based in Hainan China and a subsidiary of FAW Group. Its principal activity is the design development production and sale of passenger cars and minivans sold under the Haima marque.Haima was founded in 1992 as a joint venture between the Hainan provincial government and Mazda to produce Mazda models for sale in China.
1	Schoology	 Schoology.com is a social network for K-12 schools and higher education institutions focused on collaboration that allows users to create manage and share academic content. Also known as a learning management system (LMS) or course management system (CMS) the cloud-based platform provides tools needed to manage an online classroom.Visually and functionally similar to Facebook the service includes attendance records online gradebook tests and quizzes and homework dropboxes.
1	Perpetual Entertainment	 Perpetual Entertainment founded in March 2002 was an American developer publisher and operator of networked multiplayer games and MMORPGs. Their headquarters was located in San Francisco California USA. From October 2007 to February 2008 (following a transfer of assets) the company was known as P2 Entertainment. The company was best known for its development of two MMOs: Star Trek Online and Gods & Heroes: Rome Rising.
1	Pass Transit	 PASS Transit is a transit agency in Riverside County California providing bus service to the communities of Banning Beaumont Cabazon and Cherry Valley in the San Gorgonio Pass area.
1	Kwik Trip	 Kwik Trip/Kwik Star is a chain of convenience stores founded in 1965 with locations throughout Wisconsin and Minnesota under the name Kwik Trip and in northeast Iowa under the name Kwik Star (to avoid confusion with QuikTrip). The company also operates stores under the name Hearty Platter and Tobacco Outlet Plus. Kwik Trip Inc.
1	BodyMedia	 BodyMedia is a medical and consumer technology company headquartered in Pittsburgh Pennsylvania. Incorporated in 1999 BodyMedia develops wearable body monitoring systems. In April 2013 BodyMedia was acquired by Jawbone for over US$100000000.
1	Town & Country Surf Designs	 Town & Country Surf Designs (also known as T&C) is a world recognised manufacturer of surfboards. T&C's origins began in 1971 with a single store founded by Craig Sugihara in Pearl City Hawaii. The company soon expanded into a full line of surfwear and surfing accessories and now has retail shops throughout the world in countries such as Japan Australia and Peru.In the 1980s T&C became famous for their shirt designs featuring Da' Boys surfing cartoon characters designed by Steve Nazar.
1	Ben NL	 Ben NL or Ben is a Dutch virtual mobile network operated by T-Mobile NL. It offers voice text and data service at highly discounted rates.
1	Blackmagic Design	 Blackmagic Design Pty Ltd is an Australian company which manufactures electronic equipment for broadcast and video production.Founded by CEO Grant Petty the company manufactures equipment used for video acquisition editing and conversion and has offices in Europe Asia and the United States. In 2009 it acquired Da Vinci Systems a company which had won Emmy Awards for its film colouring and restoration equipment. In 2010 Blackmagic Design acquired Echolab a manufacturer of vision mixers.
1	Agricultural Research Organization Volcani Center	 The Agricultural Research Organization Volcani Center (Hebrew: מנהל המחקר החקלאי - מרכז וולקני‎) previously known as Agricultural Research Station of the Jewish Agency for Palestine is an Israeli agricultural research center. It is a research arm of the Ministry of Agriculture and Rural Development of the State of Israel and provides educational and research opportunities for Israeli youth as well as local and international scientists at all post-graduate levels.
1	Tauron Wytwarzanie	 Tauron Wytwarzanie S.A. (former name: Południowy Koncern Energetyczny S.A.) is a power generation company based in Jaworzno Poland. It is the Poland's second largest power producer having a 14% stake of the domestic installed electrical power capacity (4.9 GWe) and a 16% stake of the local heat generation market (2.4 GWt).The company is a part of the Tauron Group one of Poland's biggest business entities.
1	Extendicare	 Extendicare Real Estate Investment Trust (TSX: EXE.un) is a Toronto Ontario based company that operates 440 long-term care facilities across North America. The company became a REIT and began trading on the TSX on November 10 2006 under the symbol EXE.UN.[1]ParaMed Home Health Care is a division of Extendicare (Canada) Inc. ParaMed was founded more than 30 years ago. It is currently the largest home care provider in Ontario[citation needed]. ParaMed also operates in Alberta.
1	G-Collections	 G-Collections is an English translator publisher and distributor of Japanese bishōjo games.
1	LeeTran	 LeeTran is the transit bus service operated by the Lee County Transit Department providing service to Bonita Springs Cape Coral Fort Myers Fort Myers Beach and much of the unincorporated area of Lee County Florida. Buses operate Monday through Saturday between 5:00 a.m. and 9:45 p.m. depending on the route.
1	Univel	 Univel was a joint venture of Novell and AT&T's Unix System Laboratories (USL) that was formed in 1991 to develop and market the Destiny desktop Unix operating systemwhich was released in 1992 as UnixWare 1.0. Univel existed only briefly in the period between AT&T initially divesting parts of USL in 1991and its eventual outright purchase by Novell which completed in 1993.
1	MileStone Inc.	 MileStone Inc. (株式会社マイルストーン) was a Japanese arcade videogame developer made up mostly of arcade developers who left Compile to form their own company. They were best known for shoot 'em up games developed for the Dreamcast (after the console's official discontinuation) and its arcade counterpart the Sega NAOMI.Some years into the company's lifetime its president Hiroshi Kimura started a bio energy company called MS Bio Energy which was constructing a bio-ethanol plant in Vietnam.
1	Andrade Gutierrez	 Andrade Gutierrez is a Brazilian private multinational conglomerate headquartered in Belo Horizonte. The company was founded in 1948 in Belo Horizonte Minas Gerias by the Andrade and Gutierrez families.
1	Era Records	 Era Records was an independent American record label located in Hollywood California. It was founded by Herb Newman and Lou Bedell in 1955 as a pop country and western and jazz label. Era had a #1 hit in 1956 with Gogi Grant's The Wayward Wind written by Newman. In 1959 Bedell sold his interest in the label to Newman. Artists who experienced hits on Era include Ketty Lester (Love Letters) Larry Verne (Mr.
1	Diebold	 Diebold Inc. (/ˈdiːboʊld/ DEE-bold) is a United States-based financial self-service security and services corporation that is engaged primarily in the sale manufacture installation and service of self-service transaction systems (such as ATMs) electronic and physical security products (including vaults and currency processing systems) and software and integrated systems for global financial and commercial markets. Diebold is the largest U.S.
1	UM Airlines	 UM Airlines (also known as Ukrainian - Mediterranean Airlines or UM Air) is an airline based in Kiev Ukraine. It operates domestic services and services to the CIS countries and the Middle East.
1	General Insurance Corporation of India	 GIC of India (GIC Re) is the sole reinsurance company in the Indian insurance market with over four decades of experience. GIC Re has its registered office and headquarters in Mumbai.
1	KooGa	 KooGa is a rugby union clothing company which established in 1997 in the city of Manchester England.
1	New Media Strategies	 New Media Strategies (NMS) is a social media agency headquartered in Arlington Virginia. The company was founded in 1999 by Pete Snyder and as of 2011 has 120 employees. NMS is known as one of the first companies to strictly focus on social media as a form of marketing communications and is the largest social media agency in the world according to The Washington Post. It is a subsidiary of Meredith Corporation a Fortune 500 media company which acquired NMS in 2007.
1	Dwango (company)	 Dwango Co. Ltd (株式会社ドワンゴ) (TYO: 3715) is a telecommunications and media company based in Japan headed by Nobuo Kawakami. Its subsidiaries include Niwango which runs the popular Japanese video sharing site Nico Nico Douga. The company was spun off from a U.S.-based service offering online multiplayer for video games DWANGO which was shut down in 1998. Majority shareholders include Kawakami himself Kadokawa Group Holdings and Avex Group.
1	Ararat Cement	 Ararat Cement Factory CJSC is one of two companies in Armenia which produce cement. It is owned by Gagik Tsarukian's Multi Group Concern. Founded in 1927 during the Soviet era near the present-day town of Ararat and continued as a state owned company until 2002 when it was privatized and sold to Multi Group Concern. Massive investments and moderniztion process were run after the privatisation allowing modern technologies to be installed at the factory.
1	Hooters	 Hooters Inc. is the trade name of two privately held American restaurant chains: Hooters of America Incorporated based in Atlanta Georgia and Hooters Incorporated based in Clearwater Florida.
1	Bates Communications	 Bates Communications is headquartered in Wellesley Massachusetts and specializes in leadership development. The company was founded by Suzanne Bates in 2000.
1	Bluesway Records	 Bluesway Records was a subsidiary label of ABC-Paramount Records begun by Bob Thiele in 1966. Artists such as John Lee Hooker Jimmy Reed Jimmy Rushing Otis Spann and T-Bone Walker were among those who signed for the label. Bluesway released B. B. King's 1969 Live and Well and Completely Well albums the latter containing his hit The Thrill is Gone. The label also released the James Gang's first album 1969's Yer' Album.
1	Flame Tree Publishing	 Flame Tree Publishing is an independent publisher of illustrated books calendars and other stationery items based in Fulham London United Kingdom. Flame Tree creates content in the form of paper printed encyclopedias guides and practical books and publishes them in different book gift stationery and digital markets. It has a number of license arrangements with museums galleries and other licensors including Tate V&A and The Royal Academy of Arts.
1	Biesterfeld (company)	 The Biesterfeld AG is the strategic holding of the Biesterfeld group of companies a distributor for plastics and chemicals with subsidiaries in more than 30 countries worldwide. The headquarters of the family-owned company is in Hamburg Germany.
1	First Women Bank	 First Women Bank Limited (FWBL) is located in Karachi Sindh Pakistan. First Women Bank Ltd.
1	Wizz Air Ukraine	 Wizz Air Ukraine Airlines LLC (Ukrainian: Товариство з обмеженою відповідальністю „Авіалінії Візз Ейр Україна”) is the Ukrainian division of Wizz Air and commenced domestic operations in Ukraine on 11 July 2008.
1	Crytek	 Crytek is a multinational video game company founded in 1999 by Turk brothers Cevat Avni Yerli and Faruk Yerli (German nationals of Turkish descent).
1	19 Recordings	 19 Recordings Inc. (registered in the United Kingdom as 19 Recordings Ltd.) is a New York-based record label owned by 19 Entertainment. Founded in London by British entrepreneur Simon Fuller in 1999 as the music division of 19 Entertainment 19 Recordings is one of the top record imprints as compiled by Billboard in 2012. Today 19 Recordings has the exclusive rights to sign contestants of the television series Idols.
1	Kingsport Area Transit System	 The Kingsport Area Transit System calling itself KATS is the primary provider of mass transportation in Kingsport Tennessee. The agency was established in 1995 and currently has five routes. Service operates on weekdays only and all buses originate from a city center terminal.
1	CHESF	 CHESF (Companhia Hidro-Elétrica do São Francisco; São Francisco's Hydroelectric Company) generates and transmits electric power from hydroelectric plants to all of the cities in northeast of Brazil.The main source of energy is the São Francisco River.
1	Ruby Tuesday (restaurant)	 Ruby Tuesday Inc. (NYSE: RT) is an American multinational foodservice retailer that owns operates and franchises Ruby Tuesday restaurants. The concept was started in 1972 by Samuel E. (Sandy) Beall III.The corporation was formed in 1996 as a reincorporation of Morrison Restaurants Inc.
1	Roaring 40s	 Roaring 40s is an electricity generator formed in partnership between Hydro Tasmania and China Light & Power (CLP). Since the beginning in 2005 Roaring 40s’ has 13 sites in operation or in planning in Australia India Hong Kong and mainland China. Cathedral Rocks Woolnorth Waterloo Wind Farm and Musselroe are four notable power plants that the company owns. Roaring40s will be splitting in June 2011 with all projects being divided amongst the two original JV partners CLP and Hydro Tasmania.
1	Nizhnekamskneftekhim	 NizhnekamskNeftekhim Inc (Russian: Нижнекамскнефтехим) also known as NKNH is a large petrochemical company headquartered in the city of Nizhnekamsk in the Tatarstan Republic in Russia east of Moscow.
1	UsedSoft	 usedSoft is a used software commerce company headquartered in Zug Switzerland that instituted the B2B market for used computer programs.
1	Adder Technology	 Adder Technology is a manufacturer of information technology hardware based in Cambridge England UK. It is the largest producer of keyboard video mouse (KVM) controllers in Europe.
1	Wind River Systems	 Wind River Systems Inc. is a company providing embedded systems development tools for embedded systems middleware and other types of software. The company was founded in Berkeley California in 1981 by Jerry Fiddler and David Wilner. On June 4 2009 Wind River announced that Intel had bought the company for a reported $884 million. Wind River continues to exist as a wholly owned subsidiary of Intel.
1	Vitrox Technologies	 ViTrox Technologies is a Penang Malaysia based company that specializes in designing and developing automated vision inspection system and equipment testers for the semiconductor and electronic packaging industries as well as electronic communications equipment. The name Vitrox reflects the core business of the company which is machine vision and electronics.
1	Kystekspressen	 Partsrederiet Kystekspressen ANS branded as Kystekspressen or the Coast Express is a shipping company that operates passenger ferry services between Trondheim and Kristiansund Norway. Three ships are used on the route that includes the branch lines Trondheim–Sula and Sistranda–Halten. It had 343510 passengers in 2005.
1	Gazpromavia	 Gazpromavia (Gazpromavia Aviation) is an airline based in Moscow Russia. It operates passenger and cargo charters mainly in support of the oil and gas industry. It also operates regular domestic flights from Moscow and international charter passenger and cargo services.
1	AzeriCard	 AzeriCard is an Azerbaijani bank card processing company. The International Bank of Azerbaijan owns 100 percent of AzeriCard.
1	Anyway Records	 Anyway Records is an independent record label based in Columbus Ohio which specializes in a Columbus brand of indie rock. It was established in 1991 by Bela Koe-Krompecher called an indie stalwart by Entertainment Weekly.During the 1990s the label was considered the most well-known and prolific label in Columbus.
1	Frog's Leap Winery	 Frog's Leap Winery is a California wine producer that operates from Rutherford. It was founded in 1981 on a spot along Mills Creek known as Frog Farm. Frog's Leap Winery was established by John Williams and Larry Turley.In addition to their accolades for their wines Frog's Leap is also noted for its humorous approach to winemaking down to their Ribbit corks.
1	Durham School Services	 Durham School Services is a school bus operator providing tendered pupil transportation throughout the United States currently operating in 29 states primarily along the West Coast in the southern United States the Midwest and parts of the Northeast. Founded in 1917 and currently a subsidiary of National Express Group it is the second largest school bus contractor in the United States behind First Student.
1	O.F. Mossberg & Sons	 O.F. Mossberg & Sons (commonly known as Mossberg) is an American firearms manufacturer specializing in shotguns rifles scopes and firearm accessories. From the 1940s through the 1960s it also produced a HI line of .22 caliber target and sporting rifles.Oscar Frederick Mossberg a native of Sweden came to the United States in 1886. He worked in the bicycle plant of Iver Johnson a native of Norway who became famous for his revolver. Together with his two sons Iver and Harold O.F.
1	Maxing	 MAXING (マキシング Makishingu) is a Japanese adult video (AV) studio and production company located in the Shibuya ward of Tokyo.
1	Xansa	 Xansa plc trading as Xansa was a British outsourcing and technology company and was quoted on the London Stock Exchange until 17 October 2007 when the purchase of Xansa by Steria was completed and the company was delisted. Its headquarters were in Reading Berkshire England and it had a major presence in India. In the 2007 financial year the company had a turnover of UK£379.7 million.
1	MOBIUS	 MOBIUS is a consortium of libraries in Missouri United States.
1	Megaforce Records	 Megaforce Records is an American independent record label which was founded in 1982 by Jon and Marsha Zazula to publish the first works of Metallica. It has offices in New York and Philadelphia. The label is distributed in the United States by Sony Music Entertainment/RED Distribution.
1	Afghan IPTV	 Afghan IPTV is a television service launched on 22 July 2009. The company is based in Hürth Germany. The service provides Afghan television channels delivered by IPTV signals which is distributed via the internet. It can be received using a broadband connection of at least 2MB speed. It does not work with a dial-up connection.The service has many Afghan channels including Ariana TV and Shamshad TV.
1	Inbursa	 Inbursa is a financial company through its subsidiaries provides banking and related services in Mexico. The company operates business lines in investment funds general insurance automobile insurance mortgates health insurance retirement funds and commercial banking.
1	Quintana Roo (company)	 Quintana Roo was the first company to create a triathlon-specific wetsuit over 25 years ago and then a tri-specific bike two years later. QR remains the only company in the world wholly committed to triathlon by focusing solely on creating the best-fitting and most aerodynamic functional triathlon bikes in existence. The company was founded in 1987 by Dan Empfield of Ironman fame and is currently owned by the American Bicycle Group LLC.
1	Mason Aircraft Company	 Mason Aircraft Company was an American aircraft manufacturer of the late 1920s and 1930s.Mason Aircraft Company was founded by Monty G. Mason of Los Angeles California. Mason modified a 1928 custom aircraft built by students of the California Polytechnic State University into an aerial broadcasting booth for NBC with the call sign KHRCX. The aircraft was also equipped with fuel tanks for a 1934 non-stop aerial refueling record attempt.
1	TAR Aerolineas	 TAR Aerolineas is an airline in Mexico. Their inaugural flight occurred on March 3 2014 between Querétaro-Guadalajara. The company currently operates a fleet of 8 Embraer ERJ 145's to 10 destinations throughout Mexico. Its headquarters and main operational base is in Querétaro.
1	Loewe AG	 Loewe AG (pronounced [ˈløːvə]) is the parent company of the German Loewe group. The Loewe group develops manufactures and sells a wide variety of electronic electrical and mechanical products and systems and specialises in the field of consumer and communication technology. The company was founded in Berlin in 1923 by brothers Siegmund and David L. Loewe.
1	Cruz Records	 Cruz Records was an off-shoot record label of SST Records owned by the Black Flag guitarist Greg Ginn. The label was founded in 1987. Its roster consisted mainly of pop punk and grunge bands along with Ginn's solo records. The label has been inactive since the mid-1990s although the pieces of its back catalog that are still in print are still available through SST Records.
1	Sisu Axles	 Sisu Axles Inc. (Finnish: Sisu Akselit Oy) is a producer of heavy vehicle axles in Hämeenlinna Finland.The company's main markets are in heavy truck terminal tractor and military vehicle axles; the driven axles are exclusively with planetary reduction. Sisu Axles was started when Suomen Autoteollisuus later Sisu Auto started own axle production in Helsinki in 1940s. The production was later transferred to Hämeenlinna and sold to investors. The current owner is American Marmon Group.
1	KGHM Polska Miedź	 KGHM Polska Miedź (KGHM Kombinat Górniczo-Hutniczy Miedzi Polish Copper) (WSE: KGH) is one of the largest producers of copper and silver in the world. The mining & metallurgy company is based in Poland in Lubin. KGHM Polska Miedź S.A. owns shares in 33 entities operating in various production and service-related areas.
1	Vision Street Wear	 Vision Street Wear [1] is an American footwear company which was founded in 1986 by Brad Dorfman and which is now licensed by Collective Licensing International. According to the United States Patent and Trademark Office USPTO.GOV the word mark Vision Street Wear was first used in Commerce on April 18 1986.
1	Smolenskaerotrans	 Smolenskaerotrans is a charter airline based in Smolensk Russia which specialises in aerial work but also carries cargo
1	DAF Trucks	 DAF Trucks NV is a Dutch truck manufacturing company and a division of PACCAR (Pacific Car and Foundry Company). Its headquarters and main plant are in Eindhoven. Cabs and axle assemblies are produced at its Westerlo plant in Belgium. Some of the truck models sold with the DAF brand are designed and built by Leyland Trucks at their Farington plant in Preston England.
1	Saudi Advanced Industries Company	 Saudi Advanced Industries Company is an industrial investment vehicle of the U.S. Peace Shield defense offset program. The company was formed in 1987 and invests in technology companies in Saudi Arabia. It also holds interests in AlSalam Aircraft Company and the Aircraft Accessories & Components Company both in Saudi Arabia.
1	Raybert Productions	 Raybert Productions was a 1960s production company founded by Bob Rafelson and Bert Schneider. Its principal works were the wildly successful situation comedy The Monkees (and the pop rock group of the same name) and the 1969 movie Easy Rider (co-produced with Peter Fonda's Pando Company). Raybert was also the predecessor to BBS Productions a New Hollywood production company founded by Rafelson Schneider and Schneider’s childhood friend Stephen Blauner.
1	Unigine Corp	 Unigine Corp is an international software development company with offices in Tomsk Russia and San Francisco USA. It is well known for developing the Unigine Engine proprietary cross-platform middleware. The company also has a game development team.
1	Serious Organised Crime Agency	 The Serious Organised Crime Agency (SOCA) was a non-departmental public body of the Government of the United Kingdom which existed from 1 April 2006 until 7 October 2013. SOCA was a national law enforcement agency with Home Office sponsorship established as a body corporate under Section 1 of the Serious Organised Crime and Police Act 2005.